PhoneId,Pixel Density,Screen Size,Weight,RAM,Processor_frequency,Screen to Body Ratio (calculated),Height,Internal Memory,Capacity,Resolution,Rating,Brand,OS Name,Sim 1,Sim 2,SIM Slot,Processesor
0,403,6.26,182,4,1.8,80.68,157.9,64,4000,20,4.5,Xiaomi,Android,4G,4G,"Dual SIM, GSM+GSM, Dual VoLTE",Octa
1,271,6.2,168,3,1.8,80.85,156.2,32,4230,8,4.5,Realme,Android,4G,4G,"Dual SIM, GSM+GSM, Dual VoLTE",Octa
2,409,6.3,168,3,2.1,83.68,157,32,3500,25,4.4,Realme,Android,4G,4G,"Dual SIM, GSM+GSM, Dual VoLTE",Octa
4,411,6,169,4,2.2,74.78,159.8,64,3300,24,4.3,Samsung,Android,4G,4G,"Dual SIM, GSM+GSM",Octa
5,396,6.5,175,4,2.2,84.23,160.4,64,3750,16,4.4,Honor,Android,4G,4G,"Dual SIM, GSM+GSM, Dual VoLTE",Octa
7,402,6.41,156,6,2.2,84.98,157.9,64,3400,25,4.5,Vivo,Android,4G,4G,"Dual SIM, GSM+GSM, Dual VoLTE",Octa
8,295,5.45,145,2,2,72.68,147.5,16,3000,5,4.3,Xiaomi,Android,4G,4G,"Dual SIM, GSM+GSM, Dual VoLTE",Quad
9,432,5.84,178,3,2,79.24,149.3,32,4000,5,4.1,Xiaomi,Android,4G,4G,"Dual SIM, GSM+GSM",Octa
10,271,6.2,168,2,1.8,80.85,156.2,16,4230,8,4.3,OPPO,Android,4G,4G,"Dual SIM, GSM+GSM",Octa
12,403,6.18,182,6,2.8,82.2,155.5,64,4000,20,4.5,Xiaomi Poco,Android,4G,4G,"Dual SIM, GSM+GSM, Dual VoLTE",Octa
14,402,6.41,185,6,2.8,85.43,157.5,128,3700,16,4.5,OnePlus,Android,4G,4G,"Dual SIM, GSM+GSM",Octa
15,403,5.99,168,4,2.2,77.38,158.7,64,3010,20,4,Xiaomi,Android,4G,4G,"Dual SIM, GSM+GSM, Dual VoLTE",Octa
17,432,5.84,152,3,2.36,79.07,149.2,32,3000,16,4.4,Honor,Android,4G,4G,"Dual SIM, GSM+GSM",Octa
18,400,6.3,150,4,2.2,84.87,154.81,64,3260,24,4.4,Vivo,Android,4G,4G,"Dual SIM, GSM+GSM",Octa
20,270,6.22,161,4,2,82.6,155.1,32,4030,8,4.4,Vivo,Android,4G,4G,"Dual SIM, GSM+GSM, Dual VoLTE",Octa
21,435,5.8,151,4,1.8,80.05,147.2,64,3060,16,4.4,Nokia,Android,4G,4G,"Dual SIM, GSM+GSM, Dual VoLTE",Octa
22,403,6.18,180,4,2.2,82.03,154.8,64,3500,20,4.5,Nokia,Android,4G,4G,"Dual SIM, GSM+GSM, Dual VoLTE",Octa
23,270,6.22,161,4,1.95,82.6,155.1,64,4030,20,4.4,Vivo,Android,4G,4G,"Dual SIM, GSM+GSM",Octa
26,409,6.3,176,4,2.36,82.98,157.9,64,3750,16,4.4,Honor,Android,4G,4G,"Dual SIM, GSM+GSM, Dual VoLTE",Octa
28,269,6.26,160,3,1.8,80.64,158.4,32,4000,8,4.4,Asus,Android,4G,4G,"Dual SIM, GSM+GSM, Dual VoLTE",Octa
30,271,6.2,168,4,1.8,81.22,155.9,64,4230,16,4.4,OPPO,Android,4G,4G,"Dual SIM, GSM+GSM",Octa
31,403,6.26,182,6,1.8,80.68,157.9,64,4000,20,4.5,Xiaomi,Android,4G,4G,"Dual SIM, GSM+GSM, Dual VoLTE",Octa
33,270,6.22,143,2,2,82.66,155,16,3260,5,4.4,Vivo,Android,4G,4G,"Dual SIM, GSM+GSM",Quad
34,287,5.86,151,3,1.8,79.34,149.5,32,3060,8,4.3,Nokia,Android,4G,4G,"Dual SIM, GSM+GSM, Dual VoLTE",Octa
36,274,6,178,2,1.4,73.94,161.4,32,3300,5,4.2,Samsung,Android,4G,4G,"Dual SIM, GSM+GSM",Quad
37,269,5.99,170,4,2,74.64,160.7,64,3080,16,4.3,Xiaomi,Android,4G,4G,"Dual SIM, GSM+GSM",Octa
38,392,6.3,183,6,2.2,80.86,162.5,128,3800,24,4.3,Samsung,Android,4G,4G,"Dual SIM, GSM+GSM",Octa
42,388,6.59,199,8,2.8,86.47,162,128,4000,8,4.6,Vivo,Android,4G,4G,"Dual SIM, GSM+GSM, Dual VoLTE",Octa
44,403,6.26,175,4,1.95,81.64,157.9,64,5000,13,4.4,Asus,Android,4G,4G,"Dual SIM, GSM+GSM, Dual VoLTE",Octa
45,538,6.39,189,6,2.6,87.66,157.8,128,4200,24,4.5,Huawei,Android,4G,4G,"Dual SIM, GSM+GSM, Dual VoLTE",Octa
47,269,6.26,167,4,1.8,80.8,158.7,32,4000,8,3.9,Honor,Android,4G,4G,"Dual SIM, GSM+GSM, Dual VoLTE",Octa
48,282,5.7,150,3,1.4,75.36,152.4,32,3000,8,4.2,Honor,Android,4G,4G,"Dual SIM, GSM+GSM",Octa
49,403,5.99,180,6,1.8,76.62,159,64,5000,16,4.3,Asus,Android,4G,4G,"Dual SIM, GSM+GSM, Dual VoLTE",Octa
50,295,5.45,140,2,1.4,72.63,147.2,16,3000,5,4.2,Asus,Android,4G,4G,"Dual SIM, GSM+GSM, Dual VoLTE",Octa
51,269,5.99,170,3,2,74.64,160.7,32,3080,16,4.3,Xiaomi,Android,4G,4G,"Dual SIM, GSM+GSM",Octa
52,400,6.3,150,6,1.95,84.91,154.8,64,3260,16,4.3,Vivo,Android,4G,4G,"Dual SIM, GSM+GSM",Octa
53,274,6,178,4,1.4,73.94,161.4,64,3300,8,4.2,Samsung,Android,4G,4G,"Dual SIM, GSM+GSM",Quad
54,405,6.23,158,4,2,82.06,156,64,3400,25,4.4,OPPO,Android,4G,4G,"Dual SIM, GSM+GSM, Dual VoLTE",Octa
55,409,6.3,169,4,2.2,82.03,157.6,128,3340,24,4.1,Huawei,Android,4G,4G,"Dual SIM, GSM+GSM, Dual VoLTE",Octa
56,401,5.5,180,4,2.3,70.95,154.5,64,4000,13,3.8,Lenovo,Android,4G,4G,"Dual SIM, GSM+GSM",Deca
57,409,6.3,168,4,2.1,83.68,157,64,3500,25,4.4,Realme,Android,4G,4G,"Dual SIM, GSM+GSM, Dual VoLTE",Octa
58,531,6.2,189,6,2.7,83.99,158.1,64,3500,8,4.6,Samsung,Android,4G,4G,"Dual SIM, GSM+GSM, Dual VoLTE",Octa
59,427,5.65,149,3,2.36,75.88,151,32,3000,13,4.3,Honor,Android,4G,4G,"Dual SIM, GSM+GSM",Octa
60,463,5.8,174,3,2.39,80.93,143.6,64,2716,7,4.5,Apple,iOS,4G,Other,"Single SIM, GSM",Hexa
61,294,5,137,2,1.4,69.86,140.4,16,3000,5,4.5,Xiaomi,Android,4G,2G,"Dual SIM, GSM+GSM",Quad
62,295,5.45,150,3,1.4,73.4,147.3,32,4000,8,4.2,Asus,Android,4G,4G,"Dual SIM, GSM+GSM, Dual VoLTE",Octa
63,167,2.4,161,512,1,72.35,149.9463939,4,2000,8,3.9,Reliance,KAI,4G,Other,"Single SIM, GSM",Dual
64,270,6.22,151,4,2,82.33,155.2,32,3260,8,4.3,Vivo,Android,4G,4G,"Dual SIM, GSM+GSM",Octa
65,269,5.99,164,3,1.8,76.26,158.3,32,3000,8,4,Honor,Android,4G,4G,"Dual SIM, GSM+GSM",Octa
66,294,5.6,154,4,1.6,76.28,149.3,64,3000,8,4.3,Samsung,Android,4G,4G,"Dual SIM, GSM+GSM",Octa
67,269,5.99,160,4,1.8,78.51,155.8,64,3225,24,4.3,Vivo,Android,4G,4G,"Dual SIM, GSM+GSM",Octa
68,403,5.99,168,6,2.2,77.38,158.7,128,3010,20,3.9,Xiaomi,Android,4G,4G,"Dual SIM, GSM+GSM, Dual VoLTE",Octa
69,295,5.45,160,2,1.3,73.75,146.8,16,4000,8,4.2,Lenovo,Android,4G,4G,"Dual SIM, GSM+GSM",Quad
70,402,6.28,177,6,2.8,83.55,155.7,64,3300,16,4.5,OnePlus,Android,4G,4G,"Dual SIM, GSM+GSM, Dual VoLTE",Octa
72,295,5.45,139,1,1.5,74.53,146.5,16,3000,5,4,Lava,Android,4G,2G,"Dual SIM, GSM+GSM",Quad
73,403,6.4,186,8,2.65,86.29,156.7,256,3730,25,4.6,OPPO,Android,4G,4G,"Dual SIM, GSM+GSM",Octa
74,268,6,150,3,1.4,78.62,155.9,16,3360,5,4.2,Vivo,Android,4G,4G,"Dual SIM, GSM+GSM",Quad
75,163,2.45,117,512,1.1,28.26,133.4,4,1500,2,2.8,Nokia,KAI,4G,2G,"Dual SIM, GSM+GSM",Dual
76,403,6.4,182,8,2,85.05,157.5,128,3500,25,4.4,OPPO,Android,4G,4G,"Dual SIM, GSM+GSM, Dual VoLTE",Octa
77,270,6.22,152,4,2,82.33,155.2,64,3260,8,4.3,Vivo,Android,4G,4G,"Dual SIM, GSM+GSM",Octa
79,282,5.7,157,2,1.8,75.87,151.8,16,3300,5,4.2,Xiaomi,Android,4G,4G,"Dual SIM, GSM+GSM",Octa
80,295,5.45,145,2,2,72.68,147.5,32,3000,5,4.4,Xiaomi,Android,4G,4G,"Dual SIM, GSM+GSM, Dual VoLTE",Quad
81,401,5.5,188,3,2.34,67.51,158.2,32,2900,7,4.4,Apple,iOS,4G,Other,"Single SIM, GSM",Quad
83,267,5.5,161,1,1.4,69.8,153.6,8,4000,5,4,Nokia,Android,4G,2G,"Dual SIM, GSM+GSM",Quad
85,402,6,155,6,2,78.94,156.5,128,3410,8,4.4,Realme,Android,4G,4G,"Dual SIM, GSM+GSM, Dual VoLTE",Octa
86,426,5.84,160,4,1.8,80.65,149.7,64,3060,8,4.4,Nokia,Android,4G,4G,"Dual SIM, GSM+GSM, Dual VoLTE",Octa
87,432,5.84,145,4,2.36,80.06,148.6,64,3000,24,4.1,Huawei,Android,4G,3G,"Dual SIM, GSM+GSM",Octa
89,403,5.99,181,6,1.8,77.43,158.6,64,4000,20,4.5,Xiaomi,Android,4G,4G,"Dual SIM, GSM+GSM, Dual VoLTE",Octa
90,402,6,152,4,2.5,78.11,156.5,32,3200,20,4.3,OPPO,Android,4G,4G,"Dual SIM, GSM+GSM",Octa
91,401,5.5,172,3,2.2,73.76,148.8,32,3000,8,3.9,Nokia,Android,4G,4G,"Dual SIM, GSM+GSM",Octa
93,294,5.6,154,4,1.6,76.28,149.3,64,3000,8,4.3,Samsung,Android,4G,4G,"Dual SIM, GSM+GSM",Octa
94,411,6,191,6,2.2,75.82,159.9,64,3500,16,4.1,Samsung,Android,4G,4G,"Dual SIM, GSM+GSM",Octa
95,424,5.2,165,3,2.6,68.04,147.9,32,4000,8,4.1,Lenovo,Android,4G,4G,"Dual SIM, GSM+GSM",Octa
96,268,6,150,2,1.4,78.77,155.8,16,3360,5,4.2,Vivo,Android,4G,4G,"Dual SIM, GSM+GSM",Quad
97,167,2.4,58,512,1.1,23.6,134,4,2000,8,3.4,Micromax,Other,4G,2G,"Dual SIM, GSM+GSM",Dual
98,294,5.6,162,4,1.6,75.33,149.9,32,3000,16,4.2,Samsung,Android,4G,4G,"Dual SIM, GSM+GSM",Octa
99,456,6.5,208,4,2.49,84.89,157.5,64,3174,7,4.6,Apple,iOS,4G,4G,"Dual SIM, GSM+GSM",Hexa
100,424,5.7,167,3,1.8,75.4,153.8,32,3000,16,3.8,Moto,Android,4G,4G,"Dual SIM, GSM+GSM",Octa
101,402,6,186,4,2.2,77.63,158.3,64,3800,16,4.3,Nokia,Android,4G,4G,"Dual SIM, GSM+GSM, Dual VoLTE",Octa
104,324,6.1,194,3,2.49,79.79,150.9,64,2942,7,4.5,Apple,iOS,4G,4G,"Dual SIM, GSM+GSM",Hexa
105,401,5.5,167,3,1.6,73.13,151.7,16,3300,8,4.2,Samsung,Android,4G,4G,"Dual SIM, GSM+GSM",Octa
106,326,4,113,2,1.84,60.66,123.8,32,1642,8,4.5,Apple,iOS,4G,Other,"Single SIM, GSM",Dual
107,403,6.18,182,6,2.8,82.2,155.5,128,4000,20,4.5,Xiaomi Poco,Android,4G,4G,"Dual SIM, GSM+GSM, Dual VoLTE",Octa
108,277,5.3,161,3,1.3,69,150.5,32,4000,20,4,Gionee,Android,4G,4G,"Dual SIM, GSM+GSM",Octa
109,268,6,197,3,1.4,76.68,160.9,32,5000,5,4.1,Moto,Android,4G,4G,"Dual SIM, GSM+GSM",Octa
110,401,5.5,165,4,2,72.5,151,64,4100,5,4.4,Xiaomi,Android,4G,4G,"Dual SIM, GSM+GSM",Octa
111,326,4.7,143,2,1.84,65.47,138.3,32,1715,5,4.5,Apple,iOS,4G,Other,"Single SIM, GSM",Dual
113,270,6.22,148,4,2,82.66,155,32,3260,5,4.1,Vivo,Android,4G,4G,"Dual SIM, GSM+GSM",Octa
114,568,5.8,155,4,2.3,84.57,148.9,64,3000,8,4.5,Samsung,Android,4G,4G,"Dual SIM, GSM+GSM",Octa
115,409,5.9,164,4,2.36,76.48,156.2,64,3340,13,4.3,Honor,Android,4G,2G,"Dual SIM, GSM+GSM",Octa
116,326,4.7,138,2,2.34,65.47,138.3,32,1960,7,4.5,Apple,iOS,4G,Other,"Single SIM, GSM",Quad
118,554,5.3,160,4,2.45,69.19,151.5,64,3090,13,3.9,Nokia,Android,4G,4G,"Dual SIM, GSM+GSM",Octa
122,218,4.5,131,1,1.1,61.58,133.6,8,2150,2,3.9,Nokia,Android,4G,4G,"Dual SIM, GSM+GSM",Quad
123,534,5.5,157,4,2.3,75.94,150.9,32,3600,5,4.4,Samsung,Android,4G,4G,"Dual SIM, GSM+GSM",Octa
124,409,6.3,169,6,2,83.84,156.7,128,3500,25,4.4,OPPO,Android,4G,4G,"Dual SIM, GSM+GSM, Dual VoLTE",Octa
125,344,6.4,211,4,2,72.95,174.1,64,5300,5,4.4,Xiaomi,Android,4G,4G,"Dual SIM, GSM+GSM",Octa
126,367,6,226,4,2.6,71.43,166.4,64,4550,20,4,Gionee,Android,4G,4G,"Dual SIM, GSM+GSM",Octa
129,295,5.45,161,2,1.5,73.05,148,16,4000,5,4.1,Yu,Android,4G,4G,"Dual SIM, GSM+GSM, Dual VoLTE",Quad
130,295,5.45,138,2,1.5,72.95,148,16,3050,8,4.1,Infinix,Android,4G,4G,"Dual SIM, GSM+GSM, Dual VoLTE",Quad
131,408,6.1,180,6,2.36,81.76,155,128,4000,24,4.4,Huawei,Android,4G,4G,"Dual SIM, GSM+GSM, Dual VoLTE",Octa
133,326,4.7,129,1,1.4,66.14,137.1,32,1810,8,4.3,Apple,iOS,4G,Other,"Single SIM, GSM",Dual
134,386,5.7,179,4,2.39,72.37,156.7,32,3300,13,4.3,Samsung,Android,4G,4G,"Dual SIM, GSM+GSM",Octa
135,367,6,210,4,1.8,75.69,161.7,32,5000,8,4.2,Samsung,Android,4G,4G,"Dual SIM, GSM+GSM",Octa
137,269,6.26,160,4,1.8,80.64,158.4,64,4000,8,4.3,Asus,Android,4G,4G,"Dual SIM, GSM+GSM, Dual VoLTE",Octa
138,295,5.45,144,2,1.4,73.61,147.7,16,3200,5,3.4,10.or,Android,4G,4G,"Dual SIM, GSM+GSM",Quad
139,282,5.7,139,4,1.8,77.14,149.3,32,3000,24,4.3,Vivo,Android,4G,4G,"Dual SIM, GSM+GSM",Octa
140,282,5.7,143,3,2.5,76.21,150.5,32,3180,8,4.3,OPPO,Android,4G,4G,"Dual SIM, GSM+GSM",Octa
142,267,5.5,154,4,1.5,71.65,153.8,32,3000,20,4.2,Vivo,Android,4G,4G,"Dual SIM, GSM+GSM",Octa
144,401,5.5,202,3,2.39,67.25,158.4,64,2675,7,4.6,Apple,iOS,4G,Other,"Single SIM, GSM",Hexa
145,522,6.3,184,4,2.5,83.49,158,64,3430,8,4.8,Google,Android,4G,Other,"Single SIM, GSM",Octa
146,409,6.3,176,6,2.36,82.98,157.9,64,3750,16,4.4,Honor,Android,4G,4G,"Dual SIM, GSM+GSM, Dual VoLTE",Octa
147,403,5.99,170,4,1.8,76.57,158.9,64,4000,16,3.4,Blackberry,Android,4G,4G,"Dual SIM, GSM+GSM",Octa
148,401,5.5,180,3,2.3,70.95,154.5,32,4000,13,3.7,Lenovo,Android,4G,4G,"Dual SIM, GSM+GSM",Deca
149,167,2.4,161,16,1.79,30.11,118,32,1020,8,4.2,Nokia,Other,2G,2G,"Dual SIM, GSM+GSM",Other
150,407,5.93,168,6,2.2,74.66,161,64,3200,16,4.3,Moto,Android,4G,4G,"Dual SIM, GSM+GSM",Octa
155,396,6.5,175,6,2.2,84.23,160.4,64,3750,16,4.4,Honor,Android,4G,4G,"Dual SIM, GSM+GSM, Dual VoLTE",Octa
156,402,6.28,161,6,2.2,84.93,154.4,128,3200,12,4.3,Vivo,Android,4G,4G,"Dual SIM, GSM+GSM",Octa
157,401,5.5,153,4,1.5,72.17,153.3,64,3200,16,4.2,Oppo,Android,4G,4G,"Dual SIM, GSM+GSM",Octa
158,267,5.5,150,2,1.4,71.36,153,16,3080,5,4.1,Xiaomi,Android,4G,4G,"Dual SIM, GSM+GSM",Quad
159,403,5.99,185,6,2.45,80.79,151.8,128,3400,5,4.3,Xiaomi,Android,4G,4G,"Dual SIM, GSM+GSM",Octa
160,409,6.3,166,6,2.36,84.02,157,128,3750,24,4,Huawei,Android,4G,4G,"Dual SIM, GSM+GSM, Dual VoLTE",Octa
161,424,5.7,167,4,1.8,75.4,153.8,64,3000,16,3.9,Moto,Android,4G,4G,"Dual SIM, GSM+GSM",Octa
162,326,4.7,148,2,2.39,65.23,138.4,64,1821,7,4.4,Apple,iOS,4G,Other,"Single SIM, GSM",Hexa
163,401,5.5,192,2,1.84,67.51,158.2,32,2750,5,4.4,Apple,iOS,4G,Other,"Single SIM, GSM",Dual
164,282,5.2,170,3,1.3,67.68,149.5,32,5000,5,3.9,Micromax,Android,4G,2G,"Dual SIM, GSM+GSM",Quad
167,441,5,161,3,1.4,72.35,149.9463939,32,3000,16,3.1,Micromax,Android,4G,2G,"Dual SIM, GSM+GSM",Octa
168,167,2.4,161,3,1.79,30.26,115.6,0,1200,2,3.7,Nokia,Other,2G,2G,"Dual SIM, GSM+GSM",Other
170,282,5.2,137,3,1.5,68.04,148.1,16,3010,5,4.2,Oppo,Android,4G,3G,"Dual SIM, GSM+GSM",Octa
173,294,5,137,3,1.4,69.86,140.4,32,3000,5,4.4,Xiaomi,Android,4G,2G,"Dual SIM, GSM+GSM",Quad
174,576,5.1,132,3,2.1,71.82,142.1,32,2600,5,4,Samsung,Android,4G,Other,"Single SIM, GSM",Octa
176,310,5.2,161,2,1.5,69.58,146.2,16,2990,8,4,Nokia,Android,4G,2G,"Dual SIM, GSM+GSM",Octa
178,167,2.4,81,3,1.79,30.11,118,32,1020,8,4.1,Nokia,Other,2G,2G,"Dual SIM, GSM+GSM",Other
179,282,5.7,143,2,2.5,76.21,150.5,32,3180,8,4.2,OPPO,Android,4G,4G,"Dual SIM, GSM+GSM",Octa
180,427,5.65,149,4,2.36,75.88,151,64,3000,13,4.3,Honor,Android,4G,4G,"Dual SIM, GSM+GSM",Octa
182,295,5.45,150,2,1.3,73.64,146.2,16,3000,8,4.2,Meizu,Android,4G,4G,"Dual SIM, GSM+GSM",Quad
184,367,6,188,6,1.95,75.32,162.9,64,4000,16,4.3,Samsung,Android,4G,4G,"Dual SIM, GSM+GSM",Octa
185,143,2.8,105,64,1.79,33.3,126.8,32,1200,2,4.1,Samsung,Other,2G,2G,"Dual SIM, GSM+GSM",312
186,282,5.7,150,2,1.3,76.61,152,16,4000,8,3.6,InFocus,Android,4G,4G,"Dual SIM, GSM+GSM",Quad
187,282,5.2,147,3,1.4,68.42,149.1,32,2900,16,4.1,Oppo,Android,4G,4G,"Dual SIM, GSM+GSM",Octa
188,267,5.5,198,3,1.3,69.26,155,32,5000,5,4,Moto,Android,4G,2G,"Dual SIM, GSM+GSM",Quad
189,390,6.2,172,3,1.5,79.74,160.1,32,3300,8,3.8,LG,Android,4G,4G,"Dual SIM, GSM+GSM",Octa
190,294,5,161,1,1.3,67.2,143.5,8,4100,5,3.7,Nokia,Android,4G,4G,"Dual SIM, GSM+GSM",Quad
192,424,5.2,163,6,2.2,68.32,148.3,64,3000,16,4.3,Moto,Android,4G,4G,"Dual SIM, GSM+GSM",Octa
193,294,5,136,2,1.2,67.68,143.1,16,2630,5,4.1,Oppo,Android,4G,4G,"Dual SIM, GSM+GSM",Quad
194,392,6.3,183,8,2.2,80.86,162.5,128,3800,24,4.1,Samsung,Android,4G,4G,"Dual SIM, GSM+GSM",Octa
195,402,6.41,185,8,2.8,85.43,157.5,128,3700,16,4.5,OnePlus,Android,4G,4G,"Dual SIM, GSM+GSM",Octa
198,401,5.5,182,4,2,70.39,154.5,64,4010,16,4,Gionee,Android,4G,4G,"Dual SIM, GSM+GSM",Octa
199,402,6,152,3,2.5,78.11,156.5,32,3200,16,4.3,OPPO,Android,4G,4G,"Dual SIM, GSM+GSM",Octa
201,294,5,143,3,2.3,70.78,145,32,2300,8,3.6,Sony,Android,4G,4G,"Dual SIM, GSM+GSM",Octa
202,268,6.2,161,4,2,81.62,156.8,64,3750,24,4.1,Tecno,Android,4G,4G,"Dual SIM, GSM+GSM, Dual VoLTE",Octa
203,563,6.1,162,6,2.8,82.74,153.2,128,3000,8,4.5,LG,Android,4G,4G,"Dual SIM, GSM+GSM",Octa
204,401,5.5,169,3,1.4,71.27,154,32,3000,8,3.5,Nokia,Android,4G,4G,"Dual SIM, GSM+GSM",Octa
205,282,5.2,154,2,1.4,69.59,146,16,2620,8,4,Sony,Android,4G,4G,"Dual SIM, GSM+GSM",Octa
206,367,6,185,4,1.95,74.9,163.6,64,4000,16,4.3,OPPO,Android,4G,4G,"Dual SIM, GSM+GSM",Octa
207,439,5.5,148,4,2.5,78.62,145.6,64,2915,8,4.6,Google,Android,4G,Other,"Single SIM, GSM",Octa
208,197,5.45,161,1,1.1,73.46,148,8,2400,5,3.5,Itel,Android,4G,2G,"Dual SIM, GSM+GSM",Quad
211,269,6.26,167,4,1.8,80.8,158.7,64,4000,8,3.9,Honor,Android,4G,4G,"Dual SIM, GSM+GSM, Dual VoLTE",Octa
214,401,5.5,164,3,1.8,72.98,150,32,4050,5,4.1,Xiaomi,Android,4G,4G,"Dual SIM, GSM+GSM",Hexa
216,282,5.2,154,3,1.4,69.59,146,32,2620,8,3.9,Sony,Android,4G,4G,"Dual SIM, GSM+GSM",Octa
217,267,5.5,171,2,1.2,70.72,151.8,16,3000,5,3.8,Samsung,Android,4G,4G,"Dual SIM, GSM+GSM",Quad
218,282,5.2,137,3,1.8,68.04,148.1,16,3000,5,4.4,OPPO,Android,4G,4G,"Dual SIM, GSM+GSM",Octa
219,403,5.99,172,6,2.36,78.74,157,128,3750,13,4.3,Honor,Android,4G,4G,"Dual SIM, GSM+GSM, Dual VoLTE",Octa
220,386,5.7,151,2,1.8,73.64,158,32,3050,5,4,Samsung,Android,4G,4G,"Dual SIM, GSM+GSM",Octa
221,295,5.45,161,3,1.5,73.05,148,32,4000,5,3.9,Yu,Android,4G,4G,"Dual SIM, GSM+GSM, Dual VoLTE",Quad
222,576,5.1,152,4,2.3,72.18,142.4,32,3000,5,4.4,Samsung,Android,4G,4G,"Dual SIM, GSM+GSM",Octa
224,402,6,330,6,2,68.38,169.4,64,13000,8,4.7,Ulefone,Android,4G,4G,"Dual SIM, GSM+GSM",Octa
225,282,5.7,159,3,1.4,75.56,152,32,2900,16,3.9,Micromax,Android,4G,4G,"Dual SIM, GSM+GSM",Quad
226,401,5.5,188,3,2.34,67.51,158.2,128,2900,7,4.5,Apple,iOS,4G,Other,"Single SIM, GSM",Quad
227,201,5.34,161,2,1.28,72.35,149.9463939,16,3000,8,3.7,Mobiistar,Android,4G,2G,"Dual SIM, GSM+GSM",Quad
228,515,5.7,161,4,2.15,69.04,162.4,64,3000,16,4,HTC,Android,4G,4G,"Dual SIM, GSM+GSM",Quad
229,401,5.5,161,4,2,73.73,152.5,64,3055,20,4.3,Vivo,Android,4G,4G,"Dual SIM, GSM+GSM",Octa
232,143,2.8,161,8,1.79,35.3,124,32,1200,2,4.1,Nokia,Other,2G,2G,"Dual SIM, GSM+GSM",Other
233,401,5.5,155,4,1.5,73.03,151.5,32,4000,16,4.8,Tecno,Android,4G,2G,"Dual SIM, GSM+GSM",Octa
234,441,5,145,3,1.4,68.93,141.9,32,4000,8,4.1,Lenovo,Android,4G,4G,"Dual SIM, GSM+GSM",Octa
236,295,5.45,139,2,1.5,74.53,146.5,16,3000,5,4,Lava,Android,4G,2G,"Dual SIM, GSM+GSM",Quad
237,271,6.2,161,2,2,72.35,149.9463939,32,3750,8,4.7,Tecno,Android,4G,4G,"Dual SIM, GSM+GSM, Dual VoLTE",Quad
238,294,5,138,3,1.5,67.91,142.4,8,2600,5,4,Samsung,Android,4G,4G,"Dual SIM, GSM+GSM",Quad
239,401,5.5,165,4,1.8,72.31,152,32,3500,8,4.1,Lenovo,Android,4G,4G,"Dual SIM, GSM+GSM",Octa
240,220,5,157,2,1.2,66.69,143.8,16,2350,5,4,Vivo,Android,4G,4G,"Dual SIM, GSM+GSM",Quad
241,233,4,118,1,1.3,57.63,122.9,8,1400,8,3.4,Karbonn,Android,4G,2G,"Dual SIM, GSM+GSM",Quad
242,401,5.5,169,3,1.6,74.11,151.5,16,3300,5,4.1,Samsung,Android,4G,2G,"Dual SIM, GSM+GSM",Octa
244,390,6.2,172,4,1.5,79.74,160.1,64,3300,8,3.9,LG,Android,4G,4G,"Dual SIM, GSM+GSM",Octa
246,401,5.5,175,6,1.95,72.6,152.4,64,4000,8,3.1,Coolpad,Android,4G,4G,"Dual SIM, GSM+GSM",Octa
247,167,2.4,91,32,1.79,29.59,117.5,32,1200,2,4.1,Samsung,Other,2G,2G,"Dual SIM, GSM+GSM",Other
248,233,4,124,512,1.3,59.24,123,4,1700,2,3.7,Vivo,Android,3G,2G,"Dual SIM, GSM+GSM",Quad
250,401,5.5,155,2,1.5,71.55,153,16,3000,5,3.4,Moto,Android,4G,4G,"Dual SIM, GSM+GSM",Octa
251,294,5,156,2,1.4,65.95,145.2,16,3020,13,3.9,Mobiistar,Android,4G,4G,"Dual SIM, GSM+GSM",Quad
253,267,5.5,154,4,1.5,71.65,153.8,64,3000,20,4.3,Vivo,Android,4G,4G,"Dual SIM, GSM+GSM",Octa
254,537,6,158,4,2.45,81.22,151.7,128,3300,5,4.1,LG,Android,4G,4G,"Dual SIM, GSM+GSM",Octa
255,439,5.5,149,3,1.4,79.05,142.5,32,3000,5,3.7,LG,Android,4G,4G,"Dual SIM, GSM+GSM",Quad
256,282,5.7,147,3,1.3,75.67,152,32,3000,8,3.8,Lava,Android,4G,4G,"Dual SIM, GSM+GSM",Quad
258,294,5,143,2,1.4,69.28,142.8,16,2400,5,4,Samsung,Android,4G,4G,"Dual SIM, GSM+GSM",Quad
260,282,5.2,170,1,1.3,67.68,149.5,16,5000,5,3.8,Micromax,Android,4G,2G,"Dual SIM, GSM+GSM",Quad
262,456,6.5,208,4,2.49,84.89,157.5,256,3174,7,4.6,Apple,iOS,4G,4G,"Dual SIM, GSM+GSM",Hexa
267,402,6,185,8,2.35,78.45,158.1,128,3800,8,3.4,Nubia,Android,4G,4G,"Dual SIM, GSM+GSM",Octa
268,534,5.5,174,3,2,70.12,153.5,32,3200,8,3.3,HTC,Android,4G,Other,"Single SIM, GSM",Octa
270,268,6,161,3,1.8,76.66,158.2,32,2965,8,3.2,HTC,Android,4G,4G,"Dual SIM, GSM+GSM",Octa
271,218,4.5,140,1,1.1,61.95,135,8,2000,5,3.5,Lava,Android,4G,4G,"Dual SIM, GSM+GSM",Quad
273,400,6.3,150,4,1.95,84.91,154.8,64,3260,16,4.3,Vivo,Android,4G,4G,"Dual SIM, GSM+GSM",Octa
274,234,4.7,130,1,1.3,64.51,136.5,8,2000,2,4.1,Samsung,Android,4G,2G,"Dual SIM, GSM+GSM",Quad
275,282,5.7,161,3,1.3,72.35,149.9463939,32,4000,8,4,Micromax,Android,4G,2G,"Dual SIM, GSM+GSM",Quad
276,401,5.5,160,3,1.5,70.81,153.6,16,3300,5,3.8,Lenovo,Android,4G,4G,"Dual SIM, GSM+GSM",Octa
277,401,5.5,145,4,2.2,69.9,156.2,64,3000,5,4.3,Moto,Android,4G,4G,"Dual SIM, GSM+GSM",Octa
279,424,5.2,153,2,1.6,72.34,144.8,16,2900,5,4.1,Samsung,Android,4G,4G,"Dual SIM, GSM+GSM",Octa
280,367,6,188,4,2.3,75.96,165,64,2700,16,4,Sony,Android,4G,4G,"Dual SIM, GSM+GSM",Octa
281,439,5.5,149,4,1.4,79.05,142.5,64,3000,5,3.8,LG,Android,4G,4G,"Dual SIM, GSM+GSM",Quad
282,401,5.5,170,4,1.6,73.13,151.7,64,3300,13,3.8,Samsung,Android,4G,3G,"Dual SIM, GSM+GSM",Octa
283,453,4.5,196,3,2.2,56.52,128,32,3450,2,3.9,Blackberry,Blackberry,4G,Other,"Single SIM, GSM",Quad
286,267,5.5,202,2,1,68.82,156,16,5000,5,4.1,Asus,Android,4G,3G,"Dual SIM, GSM+GSM",Quad
287,233,4,161,1,1.3,59.67,120,8,1600,2,3.7,Micromax,Android,4G,4G,"Dual SIM, GSM+GSM",Quad
289,282,5.2,158,2,1.2,70.55,145.8,16,3100,5,4.2,Samsung,Android,4G,4G,"Dual SIM, GSM+GSM",Quad
290,282,5.2,160,2,1.4,68.52,149.7,16,3000,8,4,Nokia,Android,4G,4G,"Dual SIM, GSM+GSM",Octa
291,295,5.45,160,3,1.3,73.75,146.8,32,4000,8,4.2,Lenovo,Android,4G,4G,"Dual SIM, GSM+GSM",Quad
292,326,4.7,129,1,1.4,65.66,138.1,16,1810,8,4.4,Apple,iOS,4G,Other,"Single SIM, GSM",Dual
293,534,5.5,143,6,2.35,70.26,155.8,64,2730,5,4.1,Moto,Android,4G,4G,"Dual SIM, GSM+GSM",Tru-Octa
295,295,5.45,144,3,1.4,73.61,147.7,32,3200,5,3.4,10.or,Android,4G,4G,"Dual SIM, GSM+GSM",Quad
296,294,5,138,2,1.5,68.06,142.3,16,2600,5,4.2,Samsung,Android,4G,2G,"Dual SIM, GSM+GSM",Quad
297,326,4.7,143,2,1.84,65.47,138.3,16,1715,5,4.4,Apple,iOS,4G,Other,"Single SIM, GSM",Dual
298,282,5.7,177,4,1.5,76.11,153,64,4000,13,3.9,InFocus,Android,4G,4G,"Dual SIM, GSM+GSM",Octa
300,268,6,150,4,2,77.28,158.6,64,3750,20,3.9,Tecno,Android,4G,2G,"Dual SIM, GSM+GSM",Octa
302,403,5.99,180,4,2,77.48,158.5,64,4000,5,4.4,Xiaomi,Android,4G,4G,"Dual SIM, GSM+GSM",Octa
303,268,6.2,150,3,1.4,81.99,156.7,32,4000,16,4.2,Infinix,Android,4G,4G,"Dual SIM, GSM+GSM",Octa
305,463,5.8,174,3,2.39,80.93,143.6,256,2716,7,4.5,Apple,iOS,4G,Other,"Single SIM, GSM",Hexa
306,324,6.1,194,3,2.49,79.79,150.9,128,2942,7,4.5,Apple,iOS,4G,4G,"Dual SIM, GSM+GSM",Hexa
307,401,5.5,169,3,1.6,72.16,151.7,16,3300,5,4.2,Samsung,Android,4G,4G,"Dual SIM, GSM+GSM",Octa
308,294,5,149,2,1.3,67.02,142.3,16,2600,5,4,Samsung,Android,4G,4G,"Dual SIM, GSM+GSM",Quad
309,267,5.5,155,3,1.4,71.65,153.8,32,3000,16,4.2,Vivo,Android,4G,2G,"Dual SIM, GSM+GSM",Octa
310,401,5.5,161,4,2,72.35,149.9463939,16,3000,5,3.5,Micromax,Android,4G,2G,"Dual SIM, GSM+GSM",Octa
311,267,5.5,178,3,1.5,71.11,150,32,3300,8,3.7,Sony,Android,4G,4G,"Dual SIM, GSM+GSM",Quad
312,424,5.2,153,4,2.3,71.99,145.5,32,3000,8,4.3,Honor,Android,4G,Other,"Single SIM, GSM",Octa
313,196,5,161,1,1.3,63.99,146,8,2400,2,5,Itel,Android,4G,2G,"Dual SIM, GSM+GSM",Quad
315,294,5,163,3,1.25,66.97,144.2,32,4000,5,3.5,Panasonic,Android,4G,2G,"Dual SIM, GSM+GSM",Quad
317,405,6.23,158,6,2,82.06,156,128,3400,25,4.4,OPPO,Android,4G,4G,"Dual SIM, GSM+GSM, Dual VoLTE",Octa
319,282,5.2,162,4,1.5,69.31,147.6,64,3000,8,3.7,InFocus,Android,4G,2G,"Dual SIM, GSM+GSM",Octa
322,295,5.45,161,2,1.3,73.46,148,16,2400,5,4.3,Itel,Android,4G,2G,"Dual SIM, GSM+GSM",Quad
323,554,5.3,159,4,2.1,69.98,149.4,32,2800,8,3.9,LG,Android,4G,2G,"Dual SIM, GSM+GSM",Octa
324,294,5,155,2,1.4,66.83,142.1,16,2470,5,4.3,Motorola,Android,4G,2G,"Dual SIM, GSM+GSM",Quad
325,490,6,207,3,2,73.36,164,64,3520,8,3.8,Gionee,Android,4G,2G,"Dual SIM, GSM+GSM",Octa
327,294,5,181,3,1.3,68.79,143,32,4000,5,3.8,Gionee,Android,4G,2G,"Dual SIM, GSM+GSM",Quad
328,424,5.2,163,4,2.2,68.32,148.3,64,3000,16,4.3,Moto,Android,4G,4G,"Dual SIM, GSM+GSM",Octa
329,424,5.7,198,6,2.8,76.11,153,64,3180,5,5,Sony,Android,4G,4G,"Dual SIM, GSM+GSM",Octa
330,294,5,138,2,1.5,67.91,142.4,16,2600,5,4.1,Samsung,Android,4G,3G,"Dual SIM, GSM+GSM",Quad
331,439,5.5,161,3,2,73.08,151.1,32,3000,8,3,Nokia,Android,4G,2G,"Dual SIM, GSM+GSM",Octa
333,401,5.5,165,3,2,72.5,151,32,4100,5,4.4,Xiaomi,Android,4G,4G,"Dual SIM, GSM+GSM",Octa
334,515,5.7,197,8,2.45,72.56,158.5,64,4000,8,3,Razer,Android,4G,Other,"Single SIM, GSM",Octa
336,196,5,161,1,1.1,65.63,144.7,16,2500,5,4,Panasonic,Android,4G,2G,"Dual SIM, GSM+GSM",Quad
339,401,5.5,145,4,2,73.77,151.8,64,2850,16,4,Oppo,Android,4G,4G,"Dual SIM, GSM+GSM",Octa
342,401,5.5,169,4,1.4,72.5,151,32,4000,8,3.9,Lenovo,Android,4G,4G,"Dual SIM, GSM+GSM",Octa
343,401,5.5,170,4,1.4,70.85,153.7,64,4070,8,3.9,Coolpad,Android,4G,2G,"Dual SIM, GSM+GSM",Octa
346,282,5.7,143,4,2.5,76.21,150.5,64,3180,8,4.2,OPPO,Android,4G,4G,"Dual SIM, GSM+GSM",Octa
347,439,5.5,145,3,1.5,78.34,143.8,32,3000,8,2.8,LG,Android,4G,4G,"Dual SIM, GSM+GSM",Octa
348,326,4.7,138,2,2.34,65.47,138.3,128,1960,7,4.3,Apple,iOS,4G,Other,"Single SIM, GSM",Quad
349,233,4,100,1,1.3,60.68,118,8,2300,2,3.3,Jivi,Android,4G,4G,"Dual SIM, GSM+GSM",Quad
350,267,5.5,175,3,1.4,71.04,151.7,32,3000,5,4.3,Samsung,Android,4G,4G,"Dual SIM, GSM+GSM",Quad
351,282,5.7,175,3,1.4,75.21,154.4,32,4000,8,4,Moto,Android,4G,4G,"Dual SIM, GSM+GSM",Octa
354,294,5,161,3,1.25,65.95,144,16,2700,8,4.2,Itel,Android,4G,2G,"Dual SIM, GSM+GSM",Quad
355,218,4.5,130,1,1.1,60.9,136.5,8,2000,5,4.1,Micromax,Android,4G,2G,"Dual SIM, GSM+GSM",Quad
357,433,4.5,156,4,1.8,56.02,150.2,64,3000,8,4.2,Blackberry,Android,4G,4G,"Dual SIM, GSM+GSM",Octa
359,294,5,161,2,2,71.68,143.6,16,2300,8,3.6,Sony,Android,4G,2G,"Dual SIM, GSM+GSM",Octa
360,282,5.2,170,3,1.4,66.64,150,32,2800,5,3.5,Intex,Android,4G,4G,"Dual SIM, GSM+GSM",Quad
362,285,5.65,172,3,1.3,76.13,152.2,32,3050,13,4.1,Tecno,Android,4G,2G,"Dual SIM, GSM+GSM",Quad
363,456,6.5,208,4,2.49,84.89,157.5,512,3174,7,4.6,Apple,iOS,4G,4G,"Dual SIM, GSM+GSM",Hexa
364,267,5.5,153,4,1.4,71.36,153,64,3080,16,3.9,Xiaomi,Android,4G,4G,"Dual SIM, GSM+GSM",Octa
366,197,5.45,145,2,1.3,71.55,148.8,16,2500,5,4,Panasonic,Android,4G,2G,"Dual SIM, GSM+GSM",Quad
367,407,5.93,190,4,2.3,76.58,158,64,4000,16,3.8,Infinix,Android,4G,4G,"Dual SIM, GSM+GSM",Octa
369,294,5,138,3,1.5,67.44,143.6,32,2550,8,4.1,Vivo,Android,4G,4G,"Dual SIM, GSM+GSM",Octa
370,293,5.5,137,3,1.5,74.25,148.5,32,2730,5,2.5,HTC,Android,4G,4G,"Dual SIM, GSM+GSM",Quad
371,282,5.2,142,3,1.4,68.98,147.9,16,2730,5,4.2,Vivo,Android,4G,4G,"Dual SIM, GSM+GSM",Quad
372,401,5.5,170,4,2.3,70.67,152.5,32,3000,5,3.7,Asus,Android,4G,2G,"Dual SIM, GSM+GSM",Quad
373,294,5,150,1,1.3,65.18,144.5,16,2500,5,3.9,Micromax,Android,4G,3G,"Dual SIM, GSM+GSM",Quad
374,515,5.7,174,4,2.15,71.73,159.5,64,3200,5,4.1,LG,Android,4G,4G,"Dual SIM, GSM+GSM",Quad
375,386,5.7,186,3,1.9,73.44,156.8,32,3600,16,3,Samsung,Android,4G,4G,"Dual SIM, GSM+GSM",Octa
376,367,6,202,3,2,75.95,164.2,16,2700,16,3.8,Sony,Android,4G,2G,"Dual SIM, GSM+GSM",Octa
377,403,6.18,187,8,2.8,81.77,155.7,256,4000,20,4.6,Xiaomi Poco,Android,4G,4G,"Dual SIM, GSM+GSM, Dual VoLTE",Octa
378,424,5.2,136,2,1.8,69.69,147,32,2700,5,4.2,Google,Android,4G,Other,"Single SIM, GSM",Hexa
381,282,5.2,158,2,1.3,66.64,150,16,3000,8,3.4,iVooMi,Android,4G,4G,"Dual SIM, GSM+GSM",Quad
382,401,5.5,163,4,2.2,73.03,151.3,64,3050,8,3.9,Moto,Android,4G,4G,"Dual SIM, GSM+GSM",Octa
384,424,5.2,144,3,2.5,72.34,145,32,3000,8,4.5,Huawei,Android,4G,Other,"Single SIM, GSM",Octa
385,293,5.5,161,2,1.5,72.35,149.9463939,16,3050,13,4.1,Tecno,Android,4G,2G,"Dual SIM, GSM+GSM",Quad
386,295,5.45,161,2,1.3,72.39,148.3,16,2800,5,3.3,Intex,Android,4G,4G,"Dual SIM, GSM+GSM",Quad
387,401,5.5,165,3,1.8,72.31,152,32,3500,8,4.1,Lenovo,Android,4G,4G,"Dual SIM, GSM+GSM",Octa
389,294,5,160,2,1.3,66.92,143.1,16,4000,5,4,Honor,Android,4G,4G,"Dual SIM, GSM+CDMA",Quad
393,207,4.5,143,1,1.5,62.67,132.9,8,2050,5,3.3,Samsung,Tizen,4G,2G,"Dual SIM, GSM+GSM",Quad
394,441,5,143,4,2.15,68.8,143.8,32,2770,8,4.4,Google,Android,4G,Other,"Single SIM, GSM",Quad
395,401,5.5,172,4,1.8,71.98,153.3,32,4000,5,3.8,Yu,Android,4G,4G,"Dual SIM, GSM+GSM",Octa
397,218,4.5,145,1,1.2,64.18,130.7,16,2000,2,3.9,Vivo,Android,4G,2G,"Dual SIM, GSM+GSM",Quad
398,424,5.2,143,3,1.5,68.27,148,16,2900,5,3.6,Micromax,Android,4G,2G,"Dual SIM, GSM+GSM",Octa
399,270,6.22,161,3,2,82.6,155.1,64,4030,8,4.4,Vivo,Android,4G,4G,"Dual SIM, GSM+GSM, Dual VoLTE",Octa
401,401,5.5,158,2,1.5,72.07,151.3,16,3000,5,4.1,Honor,Android,4G,4G,"Dual SIM, GSM+GSM",Octa
402,386,5.7,168,3,1.9,74.62,151.2,32,3200,2,4.1,Samsung,Android,3G,Other,"Single SIM, GSM",Octa
403,282,5.2,155,4,1.4,67.86,148.7,32,3100,16,4,Gionee,Android,4G,2G,"Dual SIM, GSM+GSM",Quad
405,355,4.2,136,2,1.5,58.88,130,16,1800,2,3.5,Blackberry,Blackberry,3G,Other,"Single SIM, GSM",Dual
407,267,5.5,145,3,1.25,71.09,152,16,3000,5,3,Panasonic,Android,4G,4G,"Dual SIM, GSM+GSM",Quad
408,267,5.5,163,4,1.5,71.88,151.5,32,3020,8,4.2,Lava,Android,4G,4G,"Dual SIM, GSM+GSM",Octa
409,167,2.4,161,8,1.79,30.49,116.4,32,1100,2,4,Nokia,Nokia,2G,2G,"Dual SIM, GSM+GSM",Other
410,267,5.5,170,3,1.6,69.46,152.4,32,3000,5,3.9,Samsung,Android,4G,3G,"Dual SIM, GSM+GSM",Octa
411,218,4.5,161,1,1.3,72.35,149.9463939,8,1300,8,3.5,Lephone,Android,4G,4G,"Dual SIM, GSM+GSM",Quad
412,233,4,120,512,1.3,57.46,125,4,1300,8,3.4,Micromax,Android,4G,2G,"Dual SIM, GSM+GSM",Quad
413,401,5.5,155,3,1.5,70.99,153,32,3000,5,3.4,Moto,Android,4G,4G,"Dual SIM, GSM+GSM",Octa
415,306,4.8,97,2,1.2,65.58,141.9,16,2000,5,4,Micromax,Android,4G,Other,"Single SIM, GSM",Quad
416,294,5,162,2,1.25,65.01,146.5,16,4000,8,3.6,Intex,Android,4G,4G,"Dual SIM, GSM+GSM",Quad
417,294,5,136,1,1.5,66.74,144.3,16,2500,5,4,Lava,Android,4G,2G,"Dual SIM, GSM+GSM",Quad
419,294,5,161,2,1.3,72.35,149.9463939,16,3000,8,3.5,VOTO,Android,4G,4G,"Dual SIM, GSM+GSM",Quad
420,267,5.5,178,3,1.3,71.55,152.8,32,5000,8,4,Comio,Android,4G,2G,"Dual SIM, GSM+GSM",Quad
421,367,6,210,3,1.3,75.78,160.9,64,5020,5,4,Gionee,Android,4G,2G,"Dual SIM, GSM+GSM",Octa
422,233,4,132,1,1.3,57.15,124.5,8,2000,8,3.7,Lenovo,Android,3G,2G,"Dual SIM, GSM+GSM",Quad
423,531,6.2,189,6,2.7,83.99,158.1,128,3500,8,4.6,Samsung,Android,4G,4G,"Dual SIM, GSM+GSM, Dual VoLTE",Octa
424,401,5.5,150,2,1.7,71.55,152.6,16,2900,5,4,Lenovo,Android,4G,4G,"Dual SIM, GSM+GSM",Octa
425,401,5.5,167,3,1.6,73.13,151.7,32,3300,8,4.1,Samsung,Android,4G,4G,"Dual SIM, GSM+GSM",Octa
426,267,5.5,168,2,1.2,69.94,154.3,16,3100,8,4,Honor,Android,4G,4G,"Dual SIM, GSM+GSM",Octa
427,294,5,161,1,1.3,67.25,143,8,4000,2,3.5,Karbonn,Android,4G,2G,"Dual SIM, GSM+GSM",Quad
429,294,5,161,2,1,66.78,143.8,16,3500,5,4.1,Moto,Android,4G,4G,"Dual SIM, GSM+GSM",Quad
431,544,5.4,192,3,1.8,70.67,147,32,3410,2,3.7,Blackberry,Android,4G,Other,"Single SIM, GSM",Hexa
435,293,5.5,161,2,1.5,72.35,149.9463939,16,3050,8,4.4,Tecno,Android,4G,2G,"Dual SIM, GSM+GSM",Quad
436,401,5.5,177,3,2,71.55,153,32,5100,5,4.3,Lenovo,Android,4G,4G,"Dual SIM, GSM+GSM",Octa
438,295,5.45,161,2,1.5,73.06,148.4,16,2670,5,4.1,Gionee,Android,4G,2G,"Dual SIM, GSM+GSM",Quad
439,294,5,154,2,1.3,66,144.3,16,3000,8,3.9,Gionee,Android,4G,2G,"Dual SIM, GSM+GSM",Quad
441,441,5,149,3,2.15,70.58,141.6,32,3500,8,3.4,Lenovo,Android,4G,4G,"Dual SIM, GSM+GSM",Quad
442,218,4.5,138,1,1.1,63.45,132.7,8,2000,5,3.3,Lyf,Android,4G,4G,"Dual SIM, GSM+GSM",Quad
443,280,5.25,163,3,1.2,68.58,146.8,8,2600,8,3.9,Samsung,Android,3G,2G,"Dual SIM, GSM+GSM",Quad
444,424,5.2,163,4,2.5,71.27,147.6,64,3000,16,4,Meizu,Android,4G,2G,"Dual SIM, GSM+GSM",Octa
445,401,5.5,165,3,2,69.63,156.4,32,3510,5,4.4,Moto,Android,4G,4G,"Dual SIM, GSM+GSM",Octa
446,531,6.2,173,6,2.3,83.7,159.5,128,3500,8,4.5,Samsung,Android,4G,4G,"Dual SIM, GSM+GSM",Octa
447,294,5,149,3,1.3,67.02,142.3,8,2600,5,4.2,Samsung,Android,4G,4G,"Dual SIM, GSM+GSM",Quad
449,218,4.5,132,1,1.3,63.93,132,8,1850,2,3.8,Gionee,Android,3G,2G,"Dual SIM, GSM+GSM",Quad
450,201,5.34,161,1,1.28,72.35,149.9463939,8,2700,5,3.7,Mobiistar,Android,4G,2G,"Dual SIM, GSM+GSM",Quad
451,294,5.6,162,4,1.6,75.33,149.9,64,3000,16,4.2,Samsung,Android,4G,4G,"Dual SIM, GSM+GSM",Octa
452,424,5.2,165,4,2.6,68.04,147.9,32,4000,8,4.1,Lenovo,Android,4G,4G,"Dual SIM, GSM+GSM",Octa
453,424,5.2,161,3,2.15,70.75,146,64,2900,13,4,Sony,Android,4G,4G,"Dual SIM, GSM+GSM",Quad
454,294,5,161,2,1.3,65.96,145.4,16,2400,8,3.9,Intex,Android,4G,4G,"Dual SIM, GSM+GSM",Quad
456,401,5.5,155,2,1.5,68.91,154.8,16,2500,5,3.7,Yu,Android,4G,4G,"Dual SIM, GSM+GSM",Octa
457,294,5,149,1,1.2,68.73,141.5,16,2070,2,4.2,Motorola,Android,3G,2G,"Dual SIM, GSM+GSM",Quad
458,401,5.5,160,3,1.4,70.39,154.3,32,3000,13,4,Mobiistar,Android,4G,4G,"Dual SIM, GSM+GSM",Octa
460,294,5,155,2,1,66.19,142.7,16,2000,2,3.6,Micromax,Android,4G,2G,"Dual SIM, GSM+GSM",Quad
461,401,5.5,183,2,1.7,67.95,158,16,2600,13,3.6,HTC,Android,4G,4G,"Dual SIM, GSM+GSM",Octa
462,268,6,161,3,1.4,75.91,160.4,32,4000,13,4.4,Tecno,Android,4G,2G,"Dual SIM, GSM+GSM",Quad
465,220,5,141,1,1.2,67.2,142.7,16,2420,5,3.8,Oppo,Android,4G,4G,"Dual SIM, GSM+GSM",Quad
466,401,5.5,165,4,1.8,69.95,156.5,64,3000,13,3.9,HTC,Android,4G,4G,"Dual SIM, GSM+GSM",Octa
468,282,5.2,160,3,1.4,68.52,149.7,16,3000,8,4.1,Nokia,Android,4G,4G,"Dual SIM, GSM+GSM",Octa
470,218,4.5,156,1,1.3,63.93,132,8,1800,2,3.6,Micromax,Android,4G,2G,"Dual SIM, GSM+GSM",Quad
472,401,5.5,153,3,1.8,74.21,151.1,32,3000,8,4.3,LeEco,Android,4G,4G,"Dual SIM, GSM+GSM",Octa
